{"cameraMode":{"drawMode":0,"name":"Shaded","section":"Shading Mode"},"sceneLighting":true,"audioPlay":false,"sceneViewState":{"showFog":true,"showMaterialUpdate":false,"showSkybox":true,"showFlares":true,"showImageEffects":true,"showParticleSystems":true},"in2DMode":false,"pivot":{"x":-0.093841552734375,"y":-0.3671875,"z":0.71142578125},"rotation":{"x":-0.5595627427101135,"y":0.03031507320702076,"z":-0.020487939938902856,"w":-0.8279817700386047},"size":3.5198168754577638,"orthographic":true}