{"cameraMode":{"drawMode":0,"name":"Shaded","section":"Shading Mode"},"sceneLighting":true,"audioPlay":false,"sceneViewState":{"showFog":true,"showMaterialUpdate":false,"showSkybox":true,"showFlares":true,"showImageEffects":true,"showParticleSystems":true},"in2DMode":false,"pivot":{"x":3.9208984375,"y":6.9814453125,"z":14.87744140625},"rotation":{"x":-0.5039539337158203,"y":-0.01891535334289074,"z":0.011039385572075844,"w":-0.8634543418884277},"size":7.249582290649414,"orthographic":true}